timestamp(KST),open,high,low,close,volume
2025-03-03 10:43:00,3667000,3675000,3665000,3671000,64.47583006
2025-03-03 10:44:00,3675000,3675000,3667000,3670000,73.31309535
2025-03-03 10:45:00,3672000,3672000,3660000,3663000,82.04142331
2025-03-03 10:46:00,3664000,3669000,3663000,3668000,40.39137394
2025-03-03 10:47:00,3668000,3670000,3665000,3668000,38.96966989
2025-03-03 10:48:00,3668000,3670000,3666000,3667000,31.43154905
2025-03-03 10:49:00,3668000,3668000,3660000,3661000,63.21694274
2025-03-03 10:50:00,3661000,3667000,3661000,3665000,77.15870447
2025-03-03 10:51:00,3667000,3669000,3659000,3664000,106.16687942
2025-03-03 10:52:00,3664000,3666000,3662000,3665000,35.07638933
2025-03-03 10:53:00,3666000,3666000,3663000,3665000,20.52165927
2025-03-03 10:54:00,3665000,3671000,3664000,3669000,61.51148326
2025-03-03 10:55:00,3669000,3678000,3668000,3676000,37.12694715
2025-03-03 10:56:00,3676000,3677000,3674000,3674000,381.90623828
2025-03-03 10:57:00,3674000,3675000,3671000,3674000,46.89125864
2025-03-03 10:58:00,3675000,3678000,3674000,3678000,53.95662436
2025-03-03 10:59:00,3678000,3679000,3675000,3678000,81.16880504
2025-03-03 11:00:00,3678000,3680000,3675000,3677000,79.0513084
2025-03-03 11:01:00,3677000,3678000,3674000,3678000,29.00680819
2025-03-03 11:02:00,3679000,3680000,3678000,3678000,31.99086709
2025-03-03 11:03:00,3680000,3680000,3672000,3672000,100.98067564
2025-03-03 11:04:00,3672000,3673000,3669000,3670000,92.15813817
2025-03-03 11:05:00,3670000,3672000,3662000,3663000,43.79248025
2025-03-03 11:06:00,3663000,3663000,3646000,3653000,129.50188546
2025-03-03 11:07:00,3655000,3657000,3651000,3653000,34.27644709
2025-03-03 11:08:00,3653000,3654000,3648000,3651000,87.16765712
2025-03-03 11:09:00,3651000,3653000,3648000,3651000,57.58033086
2025-03-03 11:10:00,3651000,3654000,3648000,3652000,137.32816321
2025-03-03 11:11:00,3652000,3659000,3649000,3652000,201.84039168
2025-03-03 11:12:00,3654000,3656000,3649000,3652000,53.79641389
2025-03-03 11:13:00,3650000,3658000,3649000,3654000,29.02522183
2025-03-03 11:14:00,3654000,3655000,3651000,3654000,31.01381602
2025-03-03 11:15:00,3654000,3658000,3652000,3658000,63.2964263
2025-03-03 11:16:00,3655000,3658000,3650000,3652000,53.04814841
2025-03-03 11:17:00,3652000,3652000,3646000,3646000,106.19223411
2025-03-03 11:18:00,3646000,3651000,3644000,3649000,36.84861867
2025-03-03 11:19:00,3649000,3657000,3649000,3652000,42.76083978
2025-03-03 11:20:00,3652000,3652000,3649000,3649000,32.69872549
2025-03-03 11:21:00,3650000,3650000,3644000,3644000,35.58240497
2025-03-03 11:22:00,3644000,3645000,3632000,3635000,134.44286143
2025-03-03 11:23:00,3632000,3635000,3622000,3626000,433.80075609
2025-03-03 11:24:00,3626000,3635000,3624000,3630000,84.01833083
2025-03-03 11:25:00,3629000,3630000,3620000,3620000,64.72544197
2025-03-03 11:26:00,3622000,3627000,3612000,3613000,182.28903109
2025-03-03 11:27:00,3617000,3617000,3606000,3609000,227.38647044
2025-03-03 11:28:00,3607000,3614000,3604000,3612000,161.58022179
2025-03-03 11:29:00,3612000,3614000,3603000,3604000,98.74517071
2025-03-03 11:30:00,3604000,3613000,3604000,3606000,145.43205021
2025-03-03 11:31:00,3607000,3616000,3606000,3610000,70.68502017
2025-03-03 11:32:00,3614000,3615000,3611000,3614000,51.64881747
2025-03-03 11:33:00,3614000,3621000,3613000,3620000,88.27943706
2025-03-03 11:34:00,3621000,3626000,3620000,3626000,51.46434732
2025-03-03 11:35:00,3625000,3632000,3623000,3630000,64.04067715
2025-03-03 11:36:00,3630000,3637000,3630000,3631000,88.12204575
2025-03-03 11:37:00,3630000,3635000,3629000,3631000,89.79590849
2025-03-03 11:38:00,3630000,3635000,3626000,3630000,93.38985219
2025-03-03 11:39:00,3630000,3633000,3628000,3632000,39.57582834
2025-03-03 11:40:00,3632000,3634000,3629000,3633000,42.78008649
2025-03-03 11:41:00,3634000,3638000,3632000,3636000,34.7445731
2025-03-03 11:42:00,3637000,3643000,3636000,3638000,51.93127019
2025-03-03 11:43:00,3638000,3640000,3635000,3636000,54.52791128
2025-03-03 11:44:00,3636000,3637000,3634000,3637000,27.88853384
2025-03-03 11:45:00,3635000,3639000,3634000,3637000,31.91866139
2025-03-03 11:46:00,3637000,3643000,3634000,3643000,101.32541249
2025-03-03 11:47:00,3643000,3654000,3641000,3650000,114.3617243
2025-03-03 11:48:00,3650000,3650000,3642000,3648000,40.57742684
2025-03-03 11:49:00,3648000,3648000,3643000,3643000,46.48853502
2025-03-03 11:50:00,3646000,3646000,3639000,3643000,44.64921688
2025-03-03 11:51:00,3643000,3646000,3641000,3646000,20.57373803
2025-03-03 11:52:00,3645000,3650000,3644000,3650000,31.14223669
2025-03-03 11:53:00,3650000,3651000,3647000,3649000,38.4233155
2025-03-03 11:54:00,3649000,3649000,3646000,3647000,20.68607002
2025-03-03 11:55:00,3647000,3647000,3643000,3645000,34.95149844
2025-03-03 11:56:00,3645000,3646000,3643000,3645000,13.89246833
2025-03-03 11:57:00,3645000,3650000,3645000,3650000,41.61988776
2025-03-03 11:58:00,3650000,3653000,3648000,3651000,34.88610731
2025-03-03 11:59:00,3654000,3655000,3652000,3653000,46.66993517
2025-03-03 12:00:00,3653000,3655000,3652000,3654000,21.97303246
2025-03-03 12:01:00,3655000,3659000,3655000,3658000,55.96938294
2025-03-03 12:02:00,3658000,3665000,3657000,3665000,31.15074426
2025-03-03 12:03:00,3665000,3665000,3657000,3657000,67.84412599
2025-03-03 12:04:00,3657000,3657000,3651000,3651000,43.92440117
2025-03-03 12:05:00,3652000,3654000,3650000,3652000,56.09687549
2025-03-03 12:06:00,3652000,3653000,3648000,3653000,52.70801106
2025-03-03 12:07:00,3652000,3653000,3646000,3647000,56.21895614
2025-03-03 12:08:00,3647000,3647000,3644000,3646000,18.31020729
2025-03-03 12:09:00,3646000,3651000,3644000,3648000,23.18043116
2025-03-03 12:10:00,3649000,3651000,3648000,3650000,33.94232533
2025-03-03 12:11:00,3651000,3651000,3649000,3650000,28.30902487
2025-03-03 12:12:00,3650000,3653000,3649000,3653000,33.9323792
2025-03-03 12:13:00,3653000,3655000,3650000,3651000,9.43139621
2025-03-03 12:14:00,3651000,3652000,3644000,3647000,35.86589547
2025-03-03 12:15:00,3647000,3651000,3644000,3648000,39.47074129
2025-03-03 12:16:00,3651000,3651000,3641000,3645000,21.98801257
2025-03-03 12:17:00,3644000,3646000,3641000,3646000,15.21572585
2025-03-03 12:18:00,3646000,3646000,3640000,3641000,30.73934134
2025-03-03 12:19:00,3641000,3641000,3632000,3635000,101.51500069
2025-03-03 12:20:00,3635000,3637000,3632000,3637000,21.92939938
2025-03-03 12:21:00,3637000,3639000,3636000,3638000,15.70624239
2025-03-03 12:22:00,3639000,3644000,3634000,3635000,21.37820815
2025-03-03 12:23:00,3635000,3635000,3629000,3630000,48.88241774
2025-03-03 12:24:00,3631000,3631000,3627000,3628000,49.73347623
2025-03-03 12:25:00,3628000,3632000,3624000,3625000,80.1515807
2025-03-03 12:26:00,3627000,3630000,3623000,3626000,36.31685306
2025-03-03 12:27:00,3626000,3631000,3625000,3631000,25.34576322
2025-03-03 12:28:00,3631000,3637000,3630000,3634000,11.92559844
2025-03-03 12:29:00,3634000,3639000,3634000,3635000,21.60551329
2025-03-03 12:30:00,3635000,3641000,3634000,3638000,90.72984908
2025-03-03 12:31:00,3638000,3640000,3634000,3638000,54.14264876
2025-03-03 12:32:00,3638000,3638000,3633000,3638000,21.11915439
2025-03-03 12:33:00,3639000,3645000,3639000,3644000,15.40951473
2025-03-03 12:34:00,3645000,3649000,3640000,3649000,84.84904858
2025-03-03 12:35:00,3649000,3649000,3644000,3646000,18.8356603
2025-03-03 12:36:00,3646000,3649000,3646000,3646000,12.37575536
2025-03-03 12:37:00,3649000,3650000,3647000,3647000,37.41308218
2025-03-03 12:38:00,3649000,3650000,3646000,3650000,19.96533579
2025-03-03 12:39:00,3650000,3650000,3646000,3646000,11.35712093
2025-03-03 12:40:00,3646000,3649000,3646000,3648000,9.10139799
2025-03-03 12:41:00,3648000,3648000,3641000,3643000,39.14814299
2025-03-03 12:42:00,3643000,3643000,3636000,3639000,43.27984004
2025-03-03 12:43:00,3639000,3639000,3634000,3635000,20.07757442
2025-03-03 12:44:00,3636000,3636000,3630000,3633000,16.93177728
2025-03-03 12:45:00,3631000,3637000,3631000,3637000,24.77644975
2025-03-03 12:46:00,3638000,3642000,3636000,3641000,4.68281873
2025-03-03 12:47:00,3642000,3646000,3639000,3645000,17.9959207
2025-03-03 12:48:00,3645000,3645000,3640000,3643000,7.66229538
2025-03-03 12:49:00,3645000,3646000,3643000,3646000,6.46754315
2025-03-03 12:50:00,3645000,3646000,3644000,3646000,8.1928094
2025-03-03 12:51:00,3647000,3656000,3646000,3649000,124.94686671
2025-03-03 12:52:00,3650000,3651000,3645000,3651000,42.44980916
2025-03-03 12:53:00,3651000,3654000,3647000,3648000,12.83315985
2025-03-03 12:54:00,3650000,3653000,3648000,3649000,47.6373972
2025-03-03 12:55:00,3652000,3655000,3647000,3651000,30.2125198
2025-03-03 12:56:00,3651000,3652000,3648000,3650000,6.94918919
2025-03-03 12:57:00,3650000,3652000,3649000,3652000,10.91757375
2025-03-03 12:58:00,3652000,3653000,3651000,3652000,18.57144987
2025-03-03 12:59:00,3653000,3653000,3652000,3653000,11.16369575
2025-03-03 13:00:00,3653000,3654000,3652000,3654000,8.65976852
2025-03-03 13:01:00,3654000,3655000,3651000,3654000,6.67148187
2025-03-03 13:02:00,3654000,3654000,3651000,3652000,33.20376028
2025-03-03 13:03:00,3652000,3654000,3652000,3652000,15.60198341
2025-03-03 13:04:00,3652000,3654000,3651000,3651000,11.49593619
2025-03-03 13:05:00,3653000,3653000,3650000,3650000,13.27600618
2025-03-03 13:06:00,3651000,3651000,3648000,3651000,32.66119583
2025-03-03 13:07:00,3651000,3651000,3648000,3648000,15.01213383
2025-03-03 13:08:00,3648000,3649000,3645000,3648000,19.96936083
2025-03-03 13:09:00,3646000,3648000,3645000,3647000,2.94837095
2025-03-03 13:10:00,3647000,3649000,3647000,3647000,15.10106998
2025-03-03 13:11:00,3649000,3649000,3646000,3649000,12.52615574
2025-03-03 13:12:00,3649000,3651000,3645000,3645000,26.11278417
2025-03-03 13:13:00,3646000,3650000,3645000,3648000,9.21033221
2025-03-03 13:14:00,3648000,3648000,3644000,3644000,14.44731846
2025-03-03 13:15:00,3644000,3645000,3643000,3643000,33.11549364
2025-03-03 13:16:00,3645000,3645000,3640000,3643000,13.41281564
2025-03-03 13:17:00,3643000,3651000,3643000,3647000,21.04378271
2025-03-03 13:18:00,3647000,3651000,3647000,3649000,10.6888659
2025-03-03 13:19:00,3650000,3651000,3649000,3651000,16.5344985
2025-03-03 13:20:00,3651000,3655000,3649000,3655000,45.23364148
2025-03-03 13:21:00,3655000,3657000,3653000,3657000,22.82207082
2025-03-03 13:22:00,3657000,3659000,3655000,3656000,10.09686256
2025-03-03 13:23:00,3656000,3660000,3655000,3659000,22.2105485
2025-03-03 13:24:00,3660000,3663000,3658000,3660000,44.04591824
2025-03-03 13:25:00,3660000,3662000,3658000,3658000,25.72446083
2025-03-03 13:26:00,3658000,3658000,3655000,3656000,12.7007042
2025-03-03 13:27:00,3655000,3655000,3653000,3653000,49.682903
2025-03-03 13:28:00,3653000,3653000,3652000,3653000,21.81468715
2025-03-03 13:29:00,3653000,3653000,3652000,3653000,14.10556217
2025-03-03 13:30:00,3653000,3653000,3650000,3651000,16.13832909
2025-03-03 13:31:00,3651000,3651000,3649000,3650000,19.2510676
2025-03-03 13:32:00,3651000,3651000,3647000,3649000,16.80625846
2025-03-03 13:33:00,3649000,3653000,3648000,3651000,25.5484562
2025-03-03 13:34:00,3651000,3652000,3650000,3651000,7.29593896
2025-03-03 13:35:00,3650000,3653000,3650000,3653000,14.77741163
2025-03-03 13:36:00,3653000,3653000,3649000,3650000,69.52740716
2025-03-03 13:37:00,3650000,3653000,3650000,3651000,4.06816976
2025-03-03 13:38:00,3652000,3654000,3651000,3654000,15.16375667
2025-03-03 13:39:00,3653000,3654000,3652000,3653000,5.00359232
2025-03-03 13:40:00,3653000,3653000,3652000,3652000,6.53432111
2025-03-03 13:41:00,3652000,3656000,3652000,3655000,10.04395426
2025-03-03 13:42:00,3655000,3656000,3652000,3655000,45.26427739
2025-03-03 13:43:00,3655000,3655000,3651000,3652000,11.23844901
2025-03-03 13:44:00,3652000,3655000,3651000,3655000,16.37037926
2025-03-03 13:45:00,3655000,3659000,3655000,3658000,8.10086824
2025-03-03 13:46:00,3658000,3662000,3656000,3661000,33.05834477
2025-03-03 13:47:00,3662000,3666000,3661000,3664000,60.0580495
2025-03-03 13:48:00,3665000,3669000,3663000,3664000,126.38319422
2025-03-03 13:49:00,3664000,3665000,3663000,3663000,17.65207364
2025-03-03 13:50:00,3663000,3664000,3662000,3664000,16.26253801
2025-03-03 13:51:00,3664000,3666000,3663000,3666000,6.68856745
2025-03-03 13:52:00,3666000,3668000,3665000,3666000,61.21264546
2025-03-03 13:53:00,3666000,3667000,3665000,3665000,13.10087698
2025-03-03 13:54:00,3665000,3667000,3660000,3661000,42.31624013
2025-03-03 13:55:00,3661000,3661000,3657000,3658000,17.01867241
2025-03-03 13:56:00,3658000,3660000,3657000,3659000,3.95464035
2025-03-03 13:57:00,3659000,3662000,3659000,3662000,8.11783407
2025-03-03 13:58:00,3662000,3665000,3661000,3661000,19.6821271
2025-03-03 13:59:00,3662000,3664000,3661000,3664000,25.23533361
2025-03-03 14:00:00,3662000,3666000,3660000,3662000,29.50846409
2025-03-03 14:01:00,3663000,3665000,3661000,3661000,13.92805732
2025-03-03 14:02:00,3663000,3663000,3661000,3663000,1.02788763